Workbook

Sheet Global Page
A1: Item ID | B1: Item Name | C1: Item Path | D1: Template | E1: Template ID | F1: Children | G1: Versions | H1: Fields
A2: {54389452-891C-48CA-8202-140B254D25D4} | B2: Products | C2: /sitecore/content/HartmannDirect/Global/Home/Products | D2: HD Product Main | E2: {7729CF78} | F2: 1 | G2: 1 | H2: 45
A3: {0112CEA7-B0AA-420E-8241-01950E78B1C1} | B3: Incontinence | C3: /sitecore/content/HartmannDirect/Global/Home/Knowledge/Incontinence | D3: HD Blog Category | E3: {EEC15AE4} | F3: 1 | G3: 1 | H3: 32
A4: {B1EEA98D-7FB6-49CC-82E5-14A3FAF7472A} | B4: Women | C4: /sitecore/content/HartmannDirect/Global/Home/Knowledge/Incontinence/Women | D4: HD Blog Details | E4: {99B8526A} | F4: 0 | G4: 1 | H4: 28

Sheet Region Page
A1: Item ID | B1: Item Name | C1: Item Path | D1: Template | E1: Template ID | F1: Children | G1: Versions | H1: Fields
A2: {877ED844-30E5-4D7B-B7BF-D9222BB9F20F} | B2: Productos | C2: /sitecore/content/HartmannDirect/ES/Home/Productos | D2: HD Product Main | E2: {7729CF78} | F2: 1 | G2: 1 | H2: 45
A3: {BA4EC607-4B00-451F-BFC7-FA08D7B029F5} | B3: Incontinencia | C3: /sitecore/content/HartmannDirect/ES/Home/Blog/Incontinencia | D3: HD Blog Category | E3: {EEC15AE4} | F3: 1 | G3: 1 | H3: 32
A4: {D2183A81-5BB5-400C-8B21-727DF1103315} | B4: Mujeres | C4: /sitecore/content/HartmannDirect/ES/Home/Blog/Incontinencia/Mujeres | D4: HD Blog Details | E4: {99B8526A} | F4: 0 | G4: 1 | H4: 28

Sheet Mapper
A1: Region Page | B1: Global Page | C1: Move to Local Folder | D1: New Path | E1: New Path ID | F1: Old Path ID
A2: /sitecore/content/HartmannDirect/ES/Home/Blog/Incontinencia/Mujeres | B2: /sitecore/content/HartmannDirect/Global/Home/Knowledge/Incontinence/Women | C2: L | D2: =IF(C2="L", B2&"/L", B2) | E2: =IFERROR(INDEX('Global Page'!$A:$A, MATCH(D2, 'Global Page'!$C:$C, 0)), "") | F2: =IFERROR(INDEX('Region Page'!$A:$A, MATCH(A2, 'Region Page'!$C:$C, 0)), "")
D3: =IF(C3="L", B3&"/L", B3) | E3: =IFERROR(INDEX('Global Page'!$A:$A, MATCH(D3, 'Global Page'!$C:$C, 0)), "") | F3: =IFERROR(INDEX('Region Page'!$A:$A, MATCH(A3, 'Region Page'!$C:$C, 0)), "")
D4: =IF(C4="L", B4&"/L", B4) | E4: =IFERROR(INDEX('Global Page'!$A:$A, MATCH(D4, 'Global Page'!$C:$C, 0)), "") | F4: =IFERROR(INDEX('Region Page'!$A:$A, MATCH(A4, 'Region Page'!$C:$C, 0)), "")
D5: =IF(C5="L", B5&"/L", B5) | E5: =IFERROR(INDEX('Global Page'!$A:$A, MATCH(D5, 'Global Page'!$C:$C, 0)), "") | F5: =IFERROR(INDEX('Region Page'!$A:$A, MATCH(A5, 'Region Page'!$C:$C, 0)), "")
D6: =IF(C6="L", B6&"/L", B6) | E6: =IFERROR(INDEX('Global Page'!$A:$A, MATCH(D6, 'Global Page'!$C:$C, 0)), "") | F6: =IFERROR(INDEX('Region Page'!$A:$A, MATCH(A6, 'Region Page'!$C:$C, 0)), "")
D7: =IF(C7="L", B7&"/L", B7) | E7: =IFERROR(INDEX('Global Page'!$A:$A, MATCH(D7, 'Global Page'!$C:$C, 0)), "") | F7: =IFERROR(INDEX('Region Page'!$A:$A, MATCH(A7, 'Region Page'!$C:$C, 0)), "")
D8: =IF(C8="L", B8&"/L", B8) | E8: =IFERROR(INDEX('Global Page'!$A:$A, MATCH(D8, 'Global Page'!$C:$C, 0)), "") | F8: =IFERROR(INDEX('Region Page'!$A:$A, MATCH(A8, 'Region Page'!$C:$C, 0)), "")
D9: =IF(C9="L", B9&"/L", B9) | E9: =IFERROR(INDEX('Global Page'!$A:$A, MATCH(D9, 'Global Page'!$C:$C, 0)), "") | F9: =IFERROR(INDEX('Region Page'!$A:$A, MATCH(A9, 'Region Page'!$C:$C, 0)), "")
D10: =IF(C10="L", B10&"/L", B10) | E10: =IFERROR(INDEX('Global Page'!$A:$A, MATCH(D10, 'Global Page'!$C:$C, 0)), "") | F10: =IFERROR(INDEX('Region Page'!$A:$A, MATCH(A10, 'Region Page'!$C:$C, 0)), "")
D11: =IF(C11="L", B11&"/L", B11) | E11: =IFERROR(INDEX('Global Page'!$A:$A, MATCH(D11, 'Global Page'!$C:$C, 0)), "") | F11: =IFERROR(INDEX('Region Page'!$A:$A, MATCH(A11, 'Region Page'!$C:$C, 0)), "")
D12: =IF(C12="L", B12&"/L", B12) | E12: =IFERROR(INDEX('Global Page'!$A:$A, MATCH(D12, 'Global Page'!$C:$C, 0)), "") | F12: =IFERROR(INDEX('Region Page'!$A:$A, MATCH(A12, 'Region Page'!$C:$C, 0)), "")
D13: =IF(C13="L", B13&"/L", B13) | E13: =IFERROR(INDEX('Global Page'!$A:$A, MATCH(D13, 'Global Page'!$C:$C, 0)), "") | F13: =IFERROR(INDEX('Region Page'!$A:$A, MATCH(A13, 'Region Page'!$C:$C, 0)), "")
D14: =IF(C14="L", B14&"/L", B14) | E14: =IFERROR(INDEX('Global Page'!$A:$A, MATCH(D14, 'Global Page'!$C:$C, 0)), "") | F14: =IFERROR(INDEX('Region Page'!$A:$A, MATCH(A14, 'Region Page'!$C:$C, 0)), "")
... D200: =IF(C200="L", B200&"/L", B200) | E200: =IFERROR(INDEX('Global Page'!$A:$A, MATCH(D200, 'Global Page'!$C:$C, 0)), "") | F200: =IFERROR(INDEX('Region Page'!$A:$A, MATCH(A200, 'Region Page'!$C:$C, 0)), "")
